volcanos	1756	2.28974974065722e-07
volcanos	1757	2.916051258349019e-07
volcanos	1758	2.3564986577383645e-07
volcanos	1759	5.170270156956242e-07
volcanos	1760	6.839773584342993e-08
volcanos	1761	2.2572052672562074e-07
volcanos	1762	8.822235137974464e-08
volcanos	1763	2.984586253522993e-07
volcanos	1764	8.565094531074725e-07
volcanos	1766	2.2361239564009494e-07
volcanos	1767	1.0015782870647567e-06
volcanos	1769	7.547585640567367e-07
volcanos	1770	1.8259443224840438e-07
volcanos	1771	9.986944068019877e-08
volcanos	1772	4.978264399804016e-08
volcanos	1773	5.848224641154265e-07
volcanos	1774	1.8063490588921403e-06
volcanos	1775	9.913826246394987e-07
volcanos	1776	5.865527075702622e-06
volcanos	1777	1.86406699740837e-06
volcanos	1778	3.457869462546231e-06
volcanos	1779	8.176757512259685e-07
volcanos	1780	4.563327657348853e-06
volcanos	1781	1.764593232469184e-06
volcanos	1782	4.6499557486961176e-07
volcanos	1783	1.6189063116538446e-06
volcanos	1784	2.4686338561538275e-06
volcanos	1785	1.5516076433857653e-06
volcanos	1786	2.74348729507278e-06
volcanos	1787	1.0450145103910167e-06
volcanos	1788	2.2552597365200976e-06
volcanos	1789	1.0792024578019995e-06
volcanos	1790	2.4775086806949153e-06
volcanos	1791	1.1249483001884942e-06
volcanos	1792	2.579006544271385e-06
volcanos	1793	4.083749339273379e-07
volcanos	1794	5.407812607243812e-06
volcanos	1795	1.1055826678628928e-06
volcanos	1796	1.1069926224298132e-06
volcanos	1797	2.8056413029678774e-06
volcanos	1798	3.5844269776325497e-06
volcanos	1799	2.089136822783418e-06
volcanos	1800	1.0030457980115818e-06
volcanos	1801	1.0625394304654436e-06
volcanos	1802	4.491706153377329e-07
volcanos	1803	9.311413664006143e-07
volcanos	1804	1.2099753948873068e-06
volcanos	1805	7.283435183648134e-07
volcanos	1806	6.343593537644241e-07
volcanos	1807	1.1248599946886439e-06
volcanos	1808	8.308451955845748e-07
volcanos	1809	2.6176116099558574e-06
volcanos	1810	1.7686656711220767e-06
volcanos	1811	1.1730306823939628e-06
volcanos	1812	2.2603597459905085e-07
volcanos	1813	3.8020008907604194e-07
volcanos	1814	6.471082108420321e-07
volcanos	1815	7.228822834052444e-07
volcanos	1816	2.1044573917815592e-07
volcanos	1817	7.893780110762562e-07
volcanos	1818	3.228222822152108e-07
volcanos	1819	3.215496211212395e-07
volcanos	1820	3.934663417908765e-07
volcanos	1821	3.247521593349023e-07
volcanos	1822	5.014508762111103e-07
volcanos	1823	5.386764373922131e-07
volcanos	1824	7.63166456531801e-07
volcanos	1825	1.7132028678727337e-06
volcanos	1826	5.349546967830627e-06
volcanos	1827	4.572727262012183e-07
volcanos	1828	3.5808380978607023e-07
volcanos	1829	2.280339809703737e-06
volcanos	1830	1.5596764179641894e-06
volcanos	1831	3.1909321672373804e-07
volcanos	1832	3.660266385339229e-06
volcanos	1833	3.3758392729421455e-06
volcanos	1834	1.977545934775412e-06
volcanos	1835	3.2405865279332565e-06
volcanos	1836	5.355453118002732e-07
volcanos	1837	4.853544847222557e-06
volcanos	1838	7.473504856683623e-07
volcanos	1839	7.224373689567474e-07
volcanos	1840	2.198609471039661e-06
volcanos	1841	2.228325539026719e-06
volcanos	1842	2.1814237490920433e-06
volcanos	1843	3.1425263348717584e-07
volcanos	1844	3.410356505289972e-07
volcanos	1845	4.486901495711459e-07
volcanos	1846	4.1780313562341316e-07
volcanos	1847	6.330704656541925e-07
volcanos	1848	3.0978211247716536e-06
volcanos	1849	8.384228831113182e-07
volcanos	1850	1.473787439747508e-06
volcanos	1851	2.6371298551362267e-06
volcanos	1852	1.1615870209700142e-06
volcanos	1853	2.089066946992791e-06
volcanos	1854	3.4817752210741473e-07
volcanos	1855	1.1060511892178193e-06
volcanos	1856	3.9240605200925593e-07
volcanos	1857	2.8496558212084847e-07
volcanos	1858	8.101890840877183e-07
volcanos	1859	2.85547563330434e-07
volcanos	1860	2.302812637590999e-07
volcanos	1861	1.4680780218959562e-07
volcanos	1862	3.2481649613006848e-06
volcanos	1863	1.625638056362851e-07
volcanos	1864	1.3180310576417948e-07
volcanos	1865	1.0377270417299922e-06
volcanos	1866	1.0761359568499249e-07
volcanos	1867	8.310468794528073e-07
volcanos	1868	1.0080531264158683e-06
volcanos	1869	3.277858433295761e-07
volcanos	1870	1.7490454056341285e-07
volcanos	1871	2.9981820202086675e-07
volcanos	1872	1.6360167805905863e-06
volcanos	1873	3.9213571985077577e-07
volcanos	1874	4.55496781706337e-07
volcanos	1875	6.538549093253814e-07
volcanos	1876	3.64941913311169e-07
volcanos	1877	3.729093773647593e-07
volcanos	1878	1.9224601164755986e-07
volcanos	1879	1.3599234925990313e-07
volcanos	1880	2.894584554273668e-07
volcanos	1881	3.82639422358e-07
volcanos	1882	3.8623904582463276e-08
volcanos	1883	2.440343468388294e-07
volcanos	1884	9.867985477782574e-08
volcanos	1885	1.2949643787673512e-07
volcanos	1886	4.534691611068966e-08
volcanos	1887	6.235456818028003e-08
volcanos	1888	4.900198837629865e-08
volcanos	1889	6.643340748581358e-07
volcanos	1890	3.0489645450255894e-08
volcanos	1891	1.2238884588823474e-07
volcanos	1892	1.4315380668694978e-07
volcanos	1893	3.0580038489543604e-08
volcanos	1894	3.3347580383047516e-08
volcanos	1895	6.599949134699707e-08
volcanos	1896	1.2179791578512056e-07
volcanos	1897	1.1822739526556302e-07
volcanos	1898	3.5158646894268226e-08
volcanos	1899	1.784674324695541e-08
volcanos	1900	1.342223867298192e-07
volcanos	1901	4.277783263321849e-08
volcanos	1902	4.880596835192387e-08
volcanos	1903	2.8430699115416466e-08
volcanos	1904	4.752739009182895e-07
volcanos	1905	2.2940837714512235e-08
volcanos	1906	2.9776167396115965e-07
volcanos	1907	2.5532905896317788e-08
volcanos	1908	1.3689631702919907e-07
volcanos	1909	8.906967148931013e-07
volcanos	1910	3.469084648387545e-08
volcanos	1911	3.1829100387317884e-08
volcanos	1912	3.4931187426096e-08
volcanos	1913	4.569934781473038e-08
volcanos	1914	1.9624200233739773e-08
volcanos	1915	4.210138343503188e-08
volcanos	1916	2.2970641355152477e-08
volcanos	1917	1.436864075866856e-08
volcanos	1918	2.3091508406343848e-08
volcanos	1919	1.2317280425283457e-08
volcanos	1920	2.7363791043095106e-08
volcanos	1921	5.835571144731361e-08
volcanos	1922	8.349621540348556e-08
volcanos	1923	2.866110811167307e-08
volcanos	1924	2.1889468909716591e-07
volcanos	1925	6.109025005843866e-08
volcanos	1926	6.359358241281702e-08
volcanos	1927	2.8782330901394405e-08
volcanos	1928	2.556244743876357e-08
volcanos	1929	3.467037995219118e-08
volcanos	1930	3.775436002993587e-08
volcanos	1931	3.3789313130910255e-08
volcanos	1932	2.647496842982934e-08
volcanos	1933	3.493615083811515e-08
volcanos	1934	3.2270308465130325e-08
volcanos	1935	3.370468084817328e-08
volcanos	1936	2.166949339790669e-08
volcanos	1937	5.761676198914963e-08
volcanos	1938	3.7248003624297324e-08
volcanos	1939	1.0886884072922556e-07
volcanos	1940	2.5436573464014758e-08
volcanos	1941	4.427414623664167e-08
volcanos	1942	4.304658612706522e-08
volcanos	1943	5.391959528149487e-08
volcanos	1944	3.4474590859865e-08
volcanos	1945	6.908621666871518e-08
volcanos	1946	5.56838455488466e-08
volcanos	1947	1.392662417751766e-07
volcanos	1948	3.835786298146176e-08
volcanos	1949	7.007819080780106e-08
volcanos	1950	3.9528048479874403e-08
volcanos	1951	3.3678545156900595e-08
volcanos	1952	3.3913338695348705e-08
volcanos	1953	4.464103585371453e-08
volcanos	1954	1.0047166664557464e-07
volcanos	1955	5.1378081307303634e-08
volcanos	1956	3.081169298973148e-08
volcanos	1957	3.533977321757658e-08
volcanos	1958	7.388296298917023e-08
volcanos	1959	6.491504319294859e-08
volcanos	1960	9.649948044999968e-08
volcanos	1961	5.2959960997667877e-08
volcanos	1962	1.1884933624644859e-07
volcanos	1963	3.925481241394837e-08
volcanos	1964	9.621161668940363e-08
volcanos	1965	7.634921094372066e-08
volcanos	1966	9.230301013987479e-08
volcanos	1967	6.014018145971205e-08
volcanos	1968	5.392123129738408e-08
volcanos	1969	9.76606467851711e-08
volcanos	1970	1.0865327000397551e-07
volcanos	1971	7.983094272220557e-08
volcanos	1972	8.384895620081855e-08
volcanos	1973	6.750916968859618e-08
volcanos	1974	8.181956021372861e-08
volcanos	1975	7.089986896512804e-08
volcanos	1976	8.415194066517097e-08
volcanos	1977	1.1658151606427271e-07
volcanos	1978	8.795558488872275e-08
volcanos	1979	7.596617055059834e-08
volcanos	1980	1.0148299736536304e-07
volcanos	1981	8.103892135759015e-08
volcanos	1982	7.604042789689443e-08
volcanos	1983	9.373429426828128e-08
volcanos	1984	9.888453386333635e-08
volcanos	1985	7.670855432796159e-08
volcanos	1986	1.1632830154068368e-07
volcanos	1987	8.270785829930334e-08
volcanos	1988	8.882591129624629e-08
volcanos	1989	1.0413264545368005e-07
volcanos	1990	1.4261457680471469e-07
volcanos	1991	1.0093224024757405e-07
volcanos	1992	1.324240386784227e-07
volcanos	1993	1.2946918365601292e-07
volcanos	1994	8.69526920076327e-08
volcanos	1995	8.627086641375257e-08
volcanos	1996	9.81126527198382e-08
volcanos	1997	9.799873107412145e-08
volcanos	1998	7.101315171234455e-08
volcanos	1999	5.911681165663396e-08
volcanos	2000	6.389070444552055e-08
volcanos	2001	6.176551215215146e-08
volcanos	2002	5.3434833928715886e-08
volcanos	2003	6.374693415612241e-08
volcanos	2004	4.8825131416567694e-08
volcanos	2005	4.325768058557037e-08
volcanos	2006	3.8078453060877126e-08
volcanos	2007	4.578517796484342e-08
volcanos	2008	7.119050079942188e-08
volcano	1751	1.4888098077231908e-07
volcano	1753	3.1412114322714763e-07
volcano	1754	1.4700025401643895e-07
volcano	1755	1.9719877172773043e-07
volcano	1756	1.259362357361471e-06
volcano	1757	7.290128145872549e-07
volcano	1758	1.2960742617561004e-06
volcano	1759	9.400491194465893e-07
volcano	1760	1.778341131929178e-06
volcano	1761	6.771615801768622e-07
volcano	1762	5.293341082784678e-07
volcano	1763	1.343063814085347e-06
volcano	1764	1.391827861299643e-06
volcano	1765	2.554777136251949e-07
volcano	1766	1.8634366303341247e-07
volcano	1767	2.4538668033086536e-06
volcano	1768	3.3190206101222826e-07
volcano	1769	1.4556058021094207e-06
volcano	1770	1.0499179854283253e-06
volcano	1771	9.986944068019877e-08
volcano	1772	4.978264399804016e-08
volcano	1773	1.7013017137903316e-06
volcano	1774	2.0127889513369563e-06
volcano	1775	1.6258675044087777e-06
volcano	1776	4.259045137771331e-06
volcano	1777	9.76416046261527e-07
volcano	1778	8.788751550638337e-06
volcano	1779	3.270703004903874e-06
volcano	1780	4.667039649561327e-06
volcano	1781	1.5788465764197963e-06
volcano	1782	1.4879858395827576e-06
volcano	1783	1.95221055228846e-06
volcano	1784	4.6380393661071905e-06
volcano	1785	9.271801771451524e-06
volcano	1786	1.1912510623342333e-06
volcano	1787	1.3609491298115567e-06
volcano	1788	1.976258532002147e-06
volcano	1789	3.764047596724047e-06
volcano	1790	2.7995848091852543e-06
volcano	1791	4.094811812686118e-06
volcano	1792	2.811539921213887e-06
volcano	1793	1.4173012412772315e-06
volcano	1794	3.6189164215776082e-06
volcano	1795	2.1027748780921683e-06
volcano	1796	3.1067212306901205e-06
volcano	1797	4.357245962942537e-06
volcano	1798	9.954342389690393e-06
volcano	1799	4.297652892583031e-06
volcano	1800	4.421877954614438e-06
volcano	1801	5.3965818442060695e-06
volcano	1802	2.5487820963350425e-06
volcano	1803	1.7758881730320994e-06
volcano	1804	2.1569126604512863e-06
volcano	1805	2.436482484053721e-06
volcano	1806	3.2902105148581465e-06
volcano	1807	1.5748039925641013e-06
volcano	1808	2.0463409446805267e-06
volcano	1809	5.351239246945769e-06
volcano	1810	2.6960559106617426e-06
volcano	1811	6.39527304728247e-06
volcano	1812	2.7530022547320297e-06
volcano	1813	2.467844214548127e-06
volcano	1814	5.5983765396700574e-06
volcano	1815	1.0421019820063213e-05
volcano	1816	2.890534123417612e-06
volcano	1817	2.4010247836902795e-06
volcano	1818	8.49120427160009e-06
volcano	1819	5.110342192819699e-06
volcano	1820	3.1174640926507906e-06
volcano	1821	5.6308721864339835e-06
volcano	1822	3.900992845818785e-06
volcano	1823	3.751075337753075e-06
volcano	1824	3.625040668526055e-06
volcano	1825	5.296495313130356e-06
volcano	1826	8.434561783634792e-06
volcano	1827	4.320438861349442e-06
volcano	1828	3.6794938413731914e-06
volcano	1829	4.019524351134497e-06
volcano	1830	3.925477726112117e-06
volcano	1831	4.023765462886337e-06
volcano	1832	5.534959342699929e-06
volcano	1833	5.772427459076646e-06
volcano	1834	4.057950802399881e-06
volcano	1835	5.358782409472963e-06
volcano	1836	3.546621503656911e-06
volcano	1837	4.735021163529698e-06
volcano	1838	3.998882822568775e-06
volcano	1839	3.0588819702315793e-06
volcano	1840	4.0221342791015266e-06
volcano	1841	5.928430402787192e-06
volcano	1842	4.276738665983085e-06
volcano	1843	2.870339014528535e-06
volcano	1844	3.052626801937877e-06
volcano	1845	3.760242326649896e-06
volcano	1846	2.88110078940312e-06
volcano	1847	4.239995076018471e-06
volcano	1848	5.931769674510819e-06
volcano	1849	4.668491053688022e-06
volcano	1850	5.39330827546901e-06
volcano	1851	4.424352556677774e-06
volcano	1852	5.997655018906807e-06
volcano	1853	4.235719200334541e-06
volcano	1854	3.587106236165466e-06
volcano	1855	4.34166362334756e-06
volcano	1856	4.5877785689988404e-06
volcano	1857	2.8162339319473976e-06
volcano	1858	6.016438300970299e-06
volcano	1859	4.589157267810547e-06
volcano	1860	3.997024792390091e-06
volcano	1861	3.657241425134926e-06
volcano	1862	6.81635858829973e-06
volcano	1863	3.299088996736374e-06
volcano	1864	3.629654758736635e-06
volcano	1865	3.0992652453200346e-06
volcano	1866	2.9694056572062334e-06
volcano	1867	2.9211972676821415e-06
volcano	1868	4.423015710469625e-06
volcano	1869	4.47973985883754e-06
volcano	1870	4.48375077423499e-06
volcano	1871	4.43838016920176e-06
volcano	1872	5.527513006267224e-06
volcano	1873	4.378563474490976e-06
volcano	1874	2.844498867828194e-06
volcano	1875	3.923129455952288e-06
volcano	1876	3.661239114109622e-06
volcano	1877	2.662782622307398e-06
volcano	1878	3.1792088372460103e-06
volcano	1879	2.785551153941611e-06
volcano	1880	3.371489674669417e-06
volcano	1881	4.073462724771424e-06
volcano	1882	3.395282612202162e-06
volcano	1883	3.271350297050916e-06
volcano	1884	3.1441443384383097e-06
volcano	1885	2.8547548061655025e-06
volcano	1886	4.313453626407722e-06
volcano	1887	4.077988758990314e-06
volcano	1888	3.39118888788795e-06
volcano	1889	3.9768321838154676e-06
volcano	1890	3.8162872888570295e-06
volcano	1891	2.857308825159942e-06
volcano	1892	3.891860580302672e-06
volcano	1893	2.724899858264689e-06
volcano	1894	3.822744297910013e-06
volcano	1895	3.036991978751819e-06
volcano	1896	2.76899949167735e-06
volcano	1897	3.7445135680830782e-06
volcano	1898	2.974060925748484e-06
volcano	1899	3.878421793804264e-06
volcano	1900	3.2638410373134366e-06
volcano	1901	2.586114427371845e-06
volcano	1902	4.640379959710261e-06
volcano	1903	3.7607496996559226e-06
volcano	1904	3.227309003840361e-06
volcano	1905	2.8372636063690292e-06
volcano	1906	3.7506518547030682e-06
volcano	1907	2.7015232933076237e-06
volcano	1908	3.4104118567119543e-06
volcano	1909	3.316539998762064e-06
volcano	1910	2.440168903738133e-06
volcano	1911	3.2709952235245987e-06
volcano	1912	3.326147666712861e-06
volcano	1913	2.7810264404028666e-06
volcano	1914	3.2825248775590107e-06
volcano	1915	2.6177154288722762e-06
volcano	1916	2.4595601539905855e-06
volcano	1917	2.5060599911442517e-06
volcano	1918	1.878109350382633e-06
volcano	1919	2.005077292087214e-06
volcano	1920	2.7298982064308827e-06
volcano	1921	2.0227240263639267e-06
volcano	1922	2.6541890167667316e-06
volcano	1923	2.662877499102716e-06
volcano	1924	2.8072776153016877e-06
volcano	1925	3.0176786756808156e-06
volcano	1926	2.600692773300278e-06
volcano	1927	2.2927182443739314e-06
volcano	1928	2.3674124708609744e-06
volcano	1929	2.5708086734549757e-06
volcano	1930	2.254818906468723e-06
volcano	1931	2.5983981797669983e-06
volcano	1932	2.532141623395821e-06
volcano	1933	2.4739161812240287e-06
volcano	1934	1.965641436214262e-06
volcano	1935	2.7024240259548166e-06
volcano	1936	2.5353307275550826e-06
volcano	1937	2.260037776616644e-06
volcano	1938	1.9487838491946194e-06
volcano	1939	2.532801559318159e-06
volcano	1940	2.198567833073009e-06
volcano	1941	2.457215116133613e-06
volcano	1942	3.0457851161905705e-06
volcano	1943	2.77461250719359e-06
volcano	1944	3.885778884061926e-06
volcano	1945	3.4359598071331318e-06
volcano	1946	2.147568013406263e-06
volcano	1947	2.8834606328166096e-06
volcano	1948	2.3398296418691675e-06
volcano	1949	2.096861344083856e-06
volcano	1950	2.3783722708429045e-06
volcano	1951	2.1535558597551435e-06
volcano	1952	1.9706732812788085e-06
volcano	1953	1.9742655293051217e-06
volcano	1954	1.978750368846078e-06
volcano	1955	2.1270525661223704e-06
volcano	1956	2.214040224833562e-06
volcano	1957	2.2924757235054023e-06
volcano	1958	2.0004065253163696e-06
volcano	1959	2.3727901608885243e-06
volcano	1960	2.3727770480559653e-06
volcano	1961	2.107494918524842e-06
volcano	1962	2.3021293818006114e-06
volcano	1963	1.7596984875218237e-06
volcano	1964	1.9061500086655961e-06
volcano	1965	2.018103548000489e-06
volcano	1966	2.2966142710427594e-06
volcano	1967	2.1811750357592834e-06
volcano	1968	1.901857260900257e-06
volcano	1969	2.394080998333623e-06
volcano	1970	1.944991418899994e-06
volcano	1971	2.1374488522072014e-06
volcano	1972	1.7890971568791798e-06
volcano	1973	1.8981410338720619e-06
volcano	1974	1.8741870258020858e-06
volcano	1975	1.883597549723041e-06
volcano	1976	2.30486743928303e-06
volcano	1977	1.8055069784109033e-06
volcano	1978	2.0074029842832456e-06
volcano	1979	1.9614288570651584e-06
volcano	1980	2.116614395904506e-06
volcano	1981	1.9125185440391277e-06
volcano	1982	1.94750280687019e-06
volcano	1983	2.351385990049069e-06
volcano	1984	2.4852979510985206e-06
volcano	1985	2.175600712273044e-06
volcano	1986	2.112031789248288e-06
volcano	1987	2.1643854812377775e-06
volcano	1988	2.141511970524047e-06
volcano	1989	2.6859198917532052e-06
volcano	1990	2.5108080697313694e-06
volcano	1991	2.3121604001541964e-06
volcano	1992	2.4885451801347722e-06
volcano	1993	2.6945607006676176e-06
volcano	1994	2.2957753023046745e-06
volcano	1995	2.3696697928662683e-06
volcano	1996	2.6036445102307646e-06
volcano	1997	2.5114402081631673e-06
volcano	1998	2.421250813473592e-06
volcano	1999	2.4524974419582934e-06
volcano	2000	2.8920596494815e-06
volcano	2001	2.498992090812154e-06
volcano	2002	2.763595297359596e-06
volcano	2003	2.531684915530606e-06
volcano	2004	2.8639543659333773e-06
volcano	2005	2.678024773559565e-06
volcano	2006	2.4374781985915495e-06
volcano	2007	2.7859848855966045e-06
volcano	2008	2.7322883410638964e-06
igneous	1751	9.925398718154607e-08
igneous	1752	3.4865191297285656e-07
igneous	1753	5.235352387119128e-08
igneous	1754	2.4500042336073157e-07
igneous	1755	9.859938586386521e-08
igneous	1756	3.43462461098583e-07
igneous	1757	1.1664205033396076e-06
igneous	1758	7.069495973215093e-07
igneous	1759	4.7002455972329465e-08
igneous	1760	2.0519320753028975e-07
igneous	1761	1.1286026336281037e-07
igneous	1762	1.7644470275948928e-07
igneous	1763	2.984586253522993e-07
igneous	1764	5.353184081921703e-08
igneous	1765	6.386942840629872e-08
igneous	1766	2.6088112824677744e-07
igneous	1767	3.505524004726648e-07
igneous	1768	4.056580745705012e-07
igneous	1769	1.0782265200810524e-07
igneous	1770	4.5648608062101095e-08
igneous	1771	4.9934720340099385e-08
igneous	1772	3.484785079862811e-07
igneous	1773	1.0633135711189572e-07
igneous	1774	5.160997311120401e-08
igneous	1775	3.965530498557994e-08
igneous	1776	2.61520315477187e-07
igneous	1777	1.1539462364908957e-06
igneous	1778	3.8420771806069235e-07
igneous	1781	1.3930999203704085e-07
igneous	1782	9.299911497392235e-08
igneous	1783	8.094531558269223e-07
igneous	1784	1.4961417310023195e-07
igneous	1785	3.4059679976760704e-07
igneous	1786	1.263448096415096e-06
igneous	1787	2.4302663032349225e-08
igneous	1788	5.580024090359004e-07
igneous	1789	3.421861451567315e-07
igneous	1790	7.928027778223729e-07
igneous	1791	4.4997932007539766e-08
igneous	1792	6.341819371159143e-08
igneous	1793	7.206616481070669e-08
igneous	1794	1.3776556832142032e-06
igneous	1795	2.3845900679395725e-07
igneous	1796	7.677529478142252e-07
igneous	1797	2.1254858355817253e-07
igneous	1798	3.454869376031373e-07
igneous	1799	8.55551270282733e-07
igneous	1800	4.803317905970955e-07
igneous	1801	1.0252573451859545e-07
igneous	1802	1.3370660177495305e-06
igneous	1803	2.6878307483729073e-07
igneous	1804	1.3941020854136362e-06
igneous	1805	4.6822083323452283e-07
igneous	1806	3.5524123810807753e-07
igneous	1807	4.111557221965388e-07
igneous	1808	2.230973210365988e-07
igneous	1809	7.54104175721355e-07
igneous	1810	2.9146550385532354e-07
igneous	1811	3.5529294707124833e-07
igneous	1812	2.0285279771709693e-07
igneous	1813	1.2442912006125008e-07
igneous	1814	5.936772576532405e-07
igneous	1815	8.444288620309048e-07
igneous	1816	3.6518525327974114e-07
igneous	1817	2.0830808625623428e-07
igneous	1818	4.744509299223553e-07
igneous	1819	8.210999253631652e-07
igneous	1820	2.0754268577980298e-07
igneous	1821	4.3483763707554713e-07
igneous	1822	1.0250245851962402e-06
igneous	1823	7.313417325178952e-07
igneous	1824	4.979984504487176e-07
igneous	1825	5.145884071998687e-07
igneous	1826	1.2184167557098896e-06
igneous	1827	2.325783693609645e-07
igneous	1828	3.9462297404995494e-07
igneous	1829	1.2933270562498807e-06
igneous	1830	1.0105768550854111e-06
igneous	1831	1.7071487094719984e-06
igneous	1832	2.1102231421564423e-06
igneous	1833	4.14893223621134e-06
igneous	1834	3.062541774828365e-06
igneous	1835	2.391057768006309e-06
igneous	1836	1.338863279500683e-06
igneous	1837	4.844655570945593e-06
igneous	1838	2.0552138355879964e-06
igneous	1839	2.222884212174607e-06
igneous	1840	1.5946995734150332e-06
igneous	1841	2.3677572645278116e-06
igneous	1842	3.223340618724164e-06
igneous	1843	8.660505647284373e-07
igneous	1844	2.0986809263322906e-06
igneous	1845	1.5014704517356394e-06
igneous	1846	1.2882263348388572e-06
igneous	1847	2.2236318491127685e-06
igneous	1848	2.0873822398911487e-06
igneous	1849	1.30844783273433e-06
igneous	1850	1.7475191580317022e-06
igneous	1851	5.40816193140772e-06
igneous	1852	2.5504799767061173e-06
igneous	1853	3.5079049117574203e-06
igneous	1854	3.5900320976957806e-06
igneous	1855	3.7803839153862784e-06
igneous	1856	1.8332720242307426e-06
igneous	1857	1.3773336469174343e-06
igneous	1858	2.5745188435133646e-06
igneous	1859	3.5421495355989554e-06
igneous	1860	1.6678942960837665e-06
igneous	1861	2.841162760022174e-06
igneous	1862	1.8193755640489483e-06
igneous	1863	1.3937455689110913e-06
igneous	1864	2.3014850006514417e-06
igneous	1865	3.4133665338130206e-06
igneous	1866	2.208814650415693e-06
igneous	1867	1.5714691572019442e-06
igneous	1868	1.7768762536279708e-06
igneous	1869	1.936265008957769e-06
igneous	1870	3.0626513821572605e-06
igneous	1871	1.343828012629242e-06
igneous	1872	2.604919922493749e-06
igneous	1873	1.6284762863671955e-06
igneous	1874	1.9256519116274797e-06
igneous	1875	2.323436922448386e-06
igneous	1876	2.41127612357825e-06
igneous	1877	1.5155995578037607e-06
igneous	1878	2.386392640451528e-06
igneous	1879	1.3690915161446426e-06
igneous	1880	9.640114198373978e-07
igneous	1881	1.3645783373495564e-06
igneous	1882	1.3783905947866581e-06
igneous	1883	1.2739237929692197e-06
igneous	1884	1.4881375800977859e-06
igneous	1885	1.2436324574468435e-06
igneous	1886	1.846856219780815e-06
igneous	1887	1.027603283611015e-06
igneous	1888	2.1874990195675885e-06
igneous	1889	1.7348684716216406e-06
igneous	1890	1.1522545176409206e-06
igneous	1891	2.6407747132038345e-06
igneous	1892	1.951806006097442e-06
igneous	1893	2.1231283865597417e-06
igneous	1894	1.9252669741146098e-06
igneous	1895	2.3922277171311552e-06
igneous	1896	2.9735819283476696e-06
igneous	1897	3.3161815294980053e-06
igneous	1898	3.0209391216075086e-06
igneous	1899	1.678405080815943e-06
igneous	1900	2.0834297140173043e-06
igneous	1901	1.8658912815834757e-06
igneous	1902	2.9947037143438285e-06
igneous	1903	3.1771306261477903e-06
igneous	1904	3.7687512771918856e-06
igneous	1905	4.746533325834886e-06
igneous	1906	3.3641342971573325e-06
igneous	1907	4.838485667352221e-06
igneous	1908	3.914952406587611e-06
igneous	1909	6.290983883930015e-06
igneous	1910	3.5288710008384792e-06
igneous	1911	4.005285167343653e-06
igneous	1912	5.864946368841518e-06
igneous	1913	4.527183778678613e-06
igneous	1914	5.08795129906307e-06
igneous	1915	7.708680755222113e-06
igneous	1916	4.189164371584104e-06
igneous	1917	2.849216941027748e-06
igneous	1918	4.001565977582669e-06
igneous	1919	3.4286029869521164e-06
igneous	1920	4.577674201604095e-06
igneous	1921	3.495589306836969e-06
igneous	1922	2.8714206958249524e-06
igneous	1923	5.190266123495705e-06
igneous	1924	3.1449741228404777e-06
igneous	1925	3.117399525040914e-06
igneous	1926	3.174933330908551e-06
igneous	1927	3.606014885788985e-06
igneous	1928	3.203551880632144e-06
igneous	1929	4.08590427736573e-06
igneous	1930	3.7746327187376303e-06
igneous	1931	2.7783262721890956e-06
igneous	1932	4.217084257037102e-06
igneous	1933	4.568993476797246e-06
igneous	1934	1.92198160711438e-06
igneous	1935	2.326487201109807e-06
igneous	1936	3.1412431006427046e-06
igneous	1937	2.720160368839853e-06
igneous	1938	2.261825581781799e-06
igneous	1939	4.274703010985768e-06
igneous	1940	4.303868230111297e-06
igneous	1941	3.1204049316366414e-06
igneous	1942	2.9290810382460826e-06
igneous	1943	2.4443549860944342e-06
igneous	1944	1.4602451699928531e-06
igneous	1945	1.9797518964128693e-06
igneous	1946	2.4334671607018337e-06
igneous	1947	2.9981929252635166e-06
igneous	1948	3.287336152007732e-06
igneous	1949	2.614830580489342e-06
igneous	1950	3.513131324126683e-06
igneous	1951	3.1626648609378317e-06
igneous	1952	3.112627886074914e-06
igneous	1953	3.465024628025645e-06
igneous	1954	3.3281991609779572e-06
igneous	1955	2.442742332377247e-06
igneous	1956	2.9914852640208937e-06
igneous	1957	2.352911857413722e-06
igneous	1958	2.6268935676491964e-06
igneous	1959	3.287414053039919e-06
igneous	1960	3.1802129663345025e-06
igneous	1961	2.394101766276927e-06
igneous	1962	3.262857747637575e-06
igneous	1963	2.6121370433040304e-06
igneous	1964	2.3977845464295344e-06
igneous	1965	2.955805166535471e-06
igneous	1966	2.4223771223583387e-06
igneous	1967	2.3121166126647476e-06
igneous	1968	2.220849218014688e-06
igneous	1969	1.9453493511570838e-06
igneous	1970	1.8737794784244154e-06
igneous	1971	2.0337179050280395e-06
igneous	1972	2.304169316398494e-06
igneous	1973	2.4739400468729716e-06
igneous	1974	2.507979631203899e-06
igneous	1975	2.3472485828523837e-06
igneous	1976	2.4132985112885723e-06
igneous	1977	2.3898051931187194e-06
igneous	1978	2.413968513391274e-06
igneous	1979	2.0767031042378687e-06
igneous	1980	1.9635225238106033e-06
igneous	1981	1.9862099365269627e-06
igneous	1982	2.4642884323325077e-06
igneous	1983	1.955373650453097e-06
igneous	1984	2.4225769039052043e-06
igneous	1985	1.7633835524677837e-06
igneous	1986	1.6487897101159513e-06
igneous	1987	1.5012065848541576e-06
igneous	1988	1.6851082881182434e-06
igneous	1989	1.8348416428399901e-06
igneous	1990	1.7430356403922116e-06
igneous	1991	1.4268280341894843e-06
igneous	1992	2.4594540145801686e-06
igneous	1993	1.3319309110343846e-06
igneous	1994	1.1217893861443158e-06
igneous	1995	1.1547488379779177e-06
igneous	1996	1.119833575857081e-06
igneous	1997	1.3562801656269604e-06
igneous	1998	1.0798676573263414e-06
igneous	1999	1.2118446247379364e-06
igneous	2000	1.0025925928373994e-06
igneous	2001	9.81639901408159e-07
igneous	2002	9.585522301622112e-07
igneous	2003	9.482814934823869e-07
igneous	2004	9.581422028682992e-07
igneous	2005	8.465056692794868e-07
igneous	2006	8.366156179361494e-07
igneous	2007	8.507898029370096e-07
igneous	2008	8.717371777774918e-07
eruption	1751	2.5309766731294245e-06
eruption	1752	5.229778694592848e-06
eruption	1753	1.2041310490373994e-06
eruption	1754	3.430005927050242e-07
eruption	1755	2.0705871031411695e-06
eruption	1756	1.488337331427193e-06
eruption	1757	2.25993972522049e-06
eruption	1758	5.5377718456851565e-06
eruption	1759	2.63213753445045e-06
eruption	1760	8.61811471627217e-06
eruption	1761	1.580043687079345e-06
eruption	1762	8.73401278659472e-06
eruption	1763	1.0446051887330476e-06
eruption	1764	3.318974130791456e-06
eruption	1765	1.00275002597889e-05
eruption	1766	4.733129041048677e-06
eruption	1767	2.7543402894280808e-05
eruption	1768	5.089164935520834e-06
eruption	1769	1.2399604980932104e-05
eruption	1770	2.738916483726066e-06
eruption	1771	4.144581788228249e-06
eruption	1772	1.2495443643508079e-05
eruption	1773	9.091331033067086e-06
eruption	1774	3.266911297939214e-05
eruption	1775	7.970716302101568e-06
eruption	1776	6.201767481316148e-06
eruption	1777	5.015227873979662e-06
eruption	1778	3.938129110122097e-06
eruption	1779	1.0738808199434387e-05
eruption	1780	1.80977426410767e-05
eruption	1781	1.2027095979197861e-05
eruption	1782	1.1624889371740294e-06
eruption	1783	1.042766124271153e-05
eruption	1784	1.0285974400640948e-05
eruption	1785	6.622715551036803e-06
eruption	1786	4.873299800458228e-06
eruption	1787	2.9406222269142562e-06
eruption	1788	1.3368807716485115e-05
eruption	1789	3.3165734069037054e-06
eruption	1790	9.042906684536442e-06
eruption	1791	6.794687733138504e-06
eruption	1792	4.460412957715264e-06
eruption	1793	5.140719756497077e-06
eruption	1794	4.852637928933611e-06
eruption	1795	4.140515481604167e-06
eruption	1796	8.641684342839186e-06
eruption	1797	5.781321472782293e-06
eruption	1798	9.176996780083334e-06
eruption	1799	1.1719062748756506e-05
eruption	1800	2.3423238494411305e-05
eruption	1801	7.810596866053e-06
eruption	1802	5.379601555789126e-06
eruption	1803	9.887377395800338e-06
eruption	1804	3.007402611930045e-06
eruption	1805	5.211124458776819e-06
eruption	1806	5.6077366872775095e-06
eruption	1807	2.2652352996488554e-06
eruption	1808	2.9156511956162393e-06
eruption	1809	6.293869466597463e-06
eruption	1810	3.888414790069884e-06
eruption	1811	6.243004641394792e-06
eruption	1812	2.5559452512354213e-06
eruption	1813	1.1191708076620217e-05
eruption	1814	8.626130553701584e-06
eruption	1815	1.0229104169601643e-05
eruption	1816	4.078933591717786e-06
eruption	1817	4.100380224201664e-06
eruption	1818	7.928710901073586e-06
eruption	1819	5.7534414350621785e-06
eruption	1820	1.088301958557842e-05
eruption	1821	6.87483808490327e-06
eruption	1822	3.3442348876726256e-06
eruption	1823	4.726197647776935e-06
eruption	1824	7.524950611650428e-06
eruption	1825	8.91116510029041e-06
eruption	1826	6.8510302425438235e-06
eruption	1827	4.513597168106853e-06
eruption	1828	3.916998409088442e-06
eruption	1829	7.00779054952238e-06
eruption	1830	5.634112004218954e-06
eruption	1831	5.3767207017949855e-06
eruption	1832	8.53319493834302e-06
eruption	1833	5.949594596492503e-06
eruption	1834	7.744282234506395e-06
eruption	1835	9.775206757437558e-06
eruption	1836	4.7597955773269175e-06
eruption	1837	1.1357531989868168e-05
eruption	1838	7.049634431976194e-06
eruption	1839	5.938966732092592e-06
eruption	1840	6.848243878141777e-06
eruption	1841	6.865721446433425e-06
eruption	1842	8.06552728282716e-06
eruption	1843	4.723687223047391e-06
eruption	1844	4.860354236210464e-06
eruption	1845	7.894757900015236e-06
eruption	1846	4.88525020559668e-06
eruption	1847	7.209343381115359e-06
eruption	1848	7.4485006545756105e-06
eruption	1849	5.566196362877918e-06
eruption	1850	7.682340180541184e-06
eruption	1851	5.908435507593648e-06
eruption	1852	1.213670506810118e-05
eruption	1853	8.594606972582133e-06
eruption	1854	5.607413622847566e-06
eruption	1855	7.2603181047462235e-06
eruption	1856	5.66229670360231e-06
eruption	1857	8.837451139352733e-06
eruption	1858	1.1442305971170509e-05
eruption	1859	7.94774051269708e-06
eruption	1860	7.783506715057576e-06
eruption	1861	6.65816561695166e-06
eruption	1862	1.3713354320712433e-05
eruption	1863	1.0736383104596417e-05
eruption	1864	9.783845927879478e-06
eruption	1865	1.0373294451622797e-05
eruption	1866	1.2494120854952516e-05
eruption	1867	8.84843185570518e-06
eruption	1868	1.7297607270672293e-05
eruption	1869	1.1701775488918691e-05
eruption	1870	1.0825862291956241e-05
eruption	1871	9.456765788741505e-06
eruption	1872	1.0144362950199234e-05
eruption	1873	1.0282860251982132e-05
eruption	1874	9.58742191563959e-06
eruption	1875	1.0907418119221267e-05
eruption	1876	1.0994059825702057e-05
eruption	1877	1.0535813131570609e-05
eruption	1878	7.240207232049011e-06
eruption	1879	1.0894667980034935e-05
eruption	1880	9.715347893837478e-06
eruption	1881	1.4810172873982326e-05
eruption	1882	1.1827363781361175e-05
eruption	1883	9.441011603253745e-06
eruption	1884	8.200636207398622e-06
eruption	1885	9.873228412169453e-06
eruption	1886	1.0640035498335455e-05
eruption	1887	1.0716256087462927e-05
eruption	1888	7.380453326214827e-06
eruption	1889	9.852323291633774e-06
eruption	1890	8.262693917019348e-06
eruption	1891	5.057954419496471e-06
eruption	1892	8.636234128785835e-06
eruption	1893	7.183032612347438e-06
eruption	1894	8.738177646371217e-06
eruption	1895	8.267197823803849e-06
eruption	1896	6.087992696821885e-06
eruption	1897	8.199360584769907e-06
eruption	1898	8.241547433523081e-06
eruption	1899	5.579540911479968e-06
eruption	1900	6.624620465042853e-06
eruption	1901	6.905897744551764e-06
eruption	1902	8.281000161461582e-06
eruption	1903	7.84924218078123e-06
eruption	1904	5.913887222204824e-06
eruption	1905	9.350241436221357e-06
eruption	1906	7.45549422110442e-06
eruption	1907	8.313088611409466e-06
eruption	1908	6.7975372265065705e-06
eruption	1909	7.921979705689648e-06
eruption	1910	7.987013825574813e-06
eruption	1911	9.006895197974048e-06
eruption	1912	6.023533959755994e-06
eruption	1913	5.671141646557025e-06
eruption	1914	7.801374369843626e-06
eruption	1915	7.749956621334888e-06
eruption	1916	6.055741672813901e-06
eruption	1917	6.7498802999251245e-06
eruption	1918	3.8264553721678955e-06
eruption	1919	5.289392136914581e-06
eruption	1920	5.6542233492205995e-06
eruption	1921	5.298041070273008e-06
eruption	1922	3.942012000108627e-06
eruption	1923	4.013423654061856e-06
eruption	1924	3.912976429459167e-06
eruption	1925	3.453395900362327e-06
eruption	1926	3.5583931412783732e-06
eruption	1927	3.2079963670382737e-06
eruption	1928	3.6958351425980104e-06
eruption	1929	3.3370240703984005e-06
eruption	1930	2.451623549177963e-06
eruption	1931	3.2775633736982946e-06
eruption	1932	3.0947347025296943e-06
eruption	1933	2.917168594982615e-06
eruption	1934	2.8037203295880877e-06
eruption	1935	4.2459255642839825e-06
eruption	1936	3.785493808203546e-06
eruption	1937	3.113739658484044e-06
eruption	1938	4.468967924200268e-06
eruption	1939	4.100192663346274e-06
eruption	1940	3.595035716247419e-06
eruption	1941	3.544698833071124e-06
eruption	1942	4.081772955648607e-06
eruption	1943	3.970953527501757e-06
eruption	1944	4.766112186376336e-06
eruption	1945	4.257438102209573e-06
eruption	1946	4.30843366157046e-06
eruption	1947	3.1107604574755768e-06
eruption	1948	4.511423042591573e-06
eruption	1949	3.3728937923580767e-06
eruption	1950	4.07199711724983e-06
eruption	1951	2.6562393300599935e-06
eruption	1952	3.85317188194971e-06
eruption	1953	3.4430184835907154e-06
eruption	1954	3.5026709174283566e-06
eruption	1955	3.3978037771230137e-06
eruption	1956	3.3095059523791936e-06
eruption	1957	3.9288608746671e-06
eruption	1958	4.8403461711740635e-06
eruption	1959	3.505896773040067e-06
eruption	1960	3.939826133239588e-06
eruption	1961	3.25275407509941e-06
eruption	1962	3.6566570408720764e-06
eruption	1963	3.0716890713914605e-06
eruption	1964	3.274947902842502e-06
eruption	1965	2.9200543455380147e-06
eruption	1966	3.65433386081898e-06
eruption	1967	3.989207582007172e-06
eruption	1968	2.8119670153215246e-06
eruption	1969	3.39630753196534e-06
eruption	1970	3.106896207140705e-06
eruption	1971	3.4889078671186134e-06
eruption	1972	3.0255099081718215e-06
eruption	1973	3.4018215543446986e-06
eruption	1974	3.40280382447791e-06
eruption	1975	3.689716892123365e-06
eruption	1976	3.966927197350594e-06
eruption	1977	3.0376090448078692e-06
eruption	1978	3.3665916320167893e-06
eruption	1979	3.096283945610289e-06
eruption	1980	3.1479245144294344e-06
eruption	1981	3.0682416144935065e-06
eruption	1982	3.5323671600473103e-06
eruption	1983	3.45351663207719e-06
eruption	1984	4.0454133682223585e-06
eruption	1985	3.6049367745840616e-06
eruption	1986	3.1998912619648e-06
eruption	1987	2.854516021873716e-06
eruption	1988	3.085650656774694e-06
eruption	1989	3.453936323764951e-06
eruption	1990	3.552643595625871e-06
eruption	1991	2.82146216416207e-06
eruption	1992	3.273875015875796e-06
eruption	1993	3.145033375759415e-06
eruption	1994	2.9063127572178662e-06
eruption	1995	3.3652887554003312e-06
eruption	1996	3.1462372108783547e-06
eruption	1997	3.5021182895670132e-06
eruption	1998	3.5178086875946013e-06
eruption	1999	3.1408932081528024e-06
eruption	2000	3.4626081080614284e-06
eruption	2001	2.9190151955615207e-06
eruption	2002	3.340915147339803e-06
eruption	2003	3.118831591003107e-06
eruption	2004	3.0912836337963103e-06
eruption	2005	3.0139650301584018e-06
eruption	2006	2.661507519344223e-06
eruption	2007	2.8786659331750343e-06
eruption	2008	3.176677206183864e-06
lava	1752	6.973038259457131e-08
lava	1754	9.800016934429263e-08
lava	1755	1.4789907879579782e-07
lava	1757	2.1870384437617645e-07
lava	1759	2.820147358339768e-07
lava	1760	2.0519320753028975e-07
lava	1761	5.6430131681405185e-08
lava	1762	8.822235137974464e-08
lava	1763	1.4922931267614965e-07
lava	1764	2.141273632768681e-07
lava	1765	9.58041426094481e-07
lava	1766	5.590309891002374e-07
lava	1767	1.4522885162438971e-06
lava	1768	1.8439003389568238e-07
lava	1769	2.1564530401621048e-07
lava	1770	2.738916483726066e-07
lava	1771	2.047323533944075e-06
lava	1772	2.9869586398824093e-07
lava	1773	4.944408105703151e-06
lava	1774	2.214067846470652e-05
lava	1775	3.529322143716615e-06
lava	1776	1.0797053024701006e-05
lava	1777	3.0180132338992654e-06
lava	1778	4.6585185814858944e-06
lava	1779	1.4173046354583454e-06
lava	1780	1.280843103824053e-05
lava	1781	4.1792997611112257e-07
lava	1782	2.7899734492176703e-07
lava	1783	1.0951425049423067e-06
lava	1784	2.5060373994288854e-06
lava	1785	7.795882305791894e-06
lava	1786	4.367920561892189e-06
lava	1787	6.561719018734291e-07
lava	1788	3.394514654968394e-06
lava	1789	4.316809831207998e-06
lava	1790	6.788373785104068e-06
lava	1791	2.1823997023656786e-06
lava	1792	4.227879580772762e-06
lava	1793	1.4173012412772315e-06
lava	1794	7.607949295362017e-06
lava	1795	4.248905939237784e-06
lava	1796	3.19599482927317e-06
lava	1797	1.1817701245834392e-05
lava	1798	3.2605329736296085e-05
lava	1799	1.4763233547669486e-05
lava	1800	8.066748600910045e-06
lava	1801	2.4233355431668016e-06
lava	1802	3.687377377074877e-06
lava	1803	2.4286470690655196e-06
lava	1804	1.6045325888722981e-06
lava	1805	3.3989364190357955e-06
lava	1806	6.800332272354627e-06
lava	1807	2.1954164034268013e-06
lava	1808	1.5616812472561915e-06
lava	1809	1.553164561918406e-05
lava	1810	3.0073940625072017e-06
lava	1811	1.48997454946387e-05
lava	1812	1.617026587516287e-06
lava	1813	4.790521122358128e-06
lava	1814	3.7817241312511416e-06
lava	1815	1.3504464604145759e-05
lava	1816	2.828638317776978e-06
lava	1817	2.5161424103055665e-06
lava	1818	1.090748014151394e-05
lava	1819	8.360290149152227e-06
lava	1820	3.7098255083139784e-06
lava	1821	9.32974423851965e-06
lava	1822	3.6982002120569388e-06
lava	1823	4.270092051152872e-06
lava	1824	4.2879606837337635e-06
lava	1825	1.1832395631406738e-05
lava	1826	1.2467234076102203e-05
lava	1827	5.270462370095076e-06
lava	1828	5.192215241898019e-06
lava	1829	5.996953350295499e-06
lava	1830	4.851353052881121e-06
lava	1831	6.6562845008571755e-06
lava	1832	1.3281992718278785e-05
lava	1833	1.419269831735028e-05
lava	1834	7.787416625701161e-06
lava	1835	1.0363125667453227e-05
lava	1836	4.0493783269796166e-06
lava	1837	1.3615408164217124e-05
lava	1838	7.353594144430864e-06
lava	1839	4.767120163717935e-06
lava	1840	7.419127453240059e-06
lava	1841	8.784198706568827e-06
lava	1842	7.149903367089842e-06
lava	1843	2.9099298974875494e-06
lava	1844	5.373100144348467e-06
lava	1845	6.7391071733149184e-06
lava	1846	3.638368972720556e-06
lava	1847	5.04879328658735e-06
lava	1848	7.828219725963825e-06
lava	1849	5.064412970712811e-06
lava	1850	6.785769625001649e-06
lava	1851	9.023521902059924e-06
lava	1852	8.499810111843755e-06
lava	1853	9.515971874165478e-06
lava	1854	6.472005705055474e-06
lava	1855	9.279274230736362e-06
lava	1856	5.3679921645953685e-06
lava	1857	3.730938269619257e-06
lava	1858	1.1139638522900836e-05
lava	1859	5.899616620952003e-06
lava	1860	4.618784204539661e-06
lava	1861	4.499227349457607e-06
lava	1862	1.7311786876753843e-05
lava	1863	4.721522296053868e-06
lava	1864	4.335308309597165e-06
lava	1865	8.341575990611203e-06
lava	1866	5.2748901478135294e-06
lava	1867	4.89180030898323e-06
lava	1868	1.0255844851361443e-05
lava	1869	7.936716239307933e-06
lava	1870	5.033971308090726e-06
lava	1871	6.61384676600793e-06
lava	1872	9.572551259895729e-06
lava	1873	7.733121881424031e-06
lava	1874	5.544495308356447e-06
lava	1875	7.69094895719546e-06
lava	1876	7.480570474066593e-06
lava	1877	4.179879808132704e-06
lava	1878	5.924672540774799e-06
lava	1879	4.649715941549272e-06
lava	1880	3.7871877207897768e-06
lava	1881	8.130454216130088e-06
lava	1882	7.077830514736395e-06
lava	1883	4.845210577985041e-06
lava	1884	4.757049551013807e-06
lava	1885	4.188218125923234e-06
lava	1886	6.161683995161589e-06
lava	1887	7.017383103008715e-06
lava	1888	7.359093485127723e-06
lava	1889	7.90911336458325e-06
lava	1890	6.057276229450838e-06
lava	1891	4.968516416731992e-06
lava	1892	7.014536527660539e-06
lava	1893	3.718751109174856e-06
lava	1894	4.7020088340097e-06
lava	1895	4.7539941305636964e-06
lava	1896	5.632202058844754e-06
lava	1897	1.0504794792448387e-05
lava	1898	5.624481999316397e-06
lava	1899	6.617896882211919e-06
lava	1900	4.5904056261598165e-06
lava	1901	3.839116034137572e-06
lava	1902	6.998318305712583e-06
lava	1903	7.517550691101371e-06
lava	1904	4.966185371870749e-06
lava	1905	4.409081003324642e-06
lava	1906	6.36179268790093e-06
lava	1907	4.817208245771956e-06
lava	1908	6.544914126009389e-06
lava	1909	9.747791081887842e-06
lava	1910	3.722254017408168e-06
lava	1911	7.909901552066952e-06
lava	1912	5.537291830784738e-06
lava	1913	5.584902554713099e-06
lava	1914	7.011877698901634e-06
lava	1915	6.0683778359003795e-06
lava	1916	5.696719056077814e-06
lava	1917	3.812761086020816e-06
lava	1918	3.3867545662637644e-06
lava	1919	2.990459726109891e-06
lava	1920	4.208983122286602e-06
lava	1921	3.6994233411881493e-06
lava	1922	4.4649247389491e-06
lava	1923	4.5684069293151625e-06
lava	1924	5.603329861931726e-06
lava	1925	4.916866743674041e-06
lava	1926	4.816027420337815e-06
lava	1927	3.3436844984305614e-06
lava	1928	3.2332373034642568e-06
lava	1929	4.312128506553777e-06
lava	1930	4.06381505088182e-06
lava	1931	5.223827810038725e-06
lava	1932	4.475215199227939e-06
lava	1933	5.352873361227455e-06
lava	1934	2.9204629160942946e-06
lava	1935	5.0868141403166135e-06
lava	1936	3.837167215537015e-06
lava	1937	3.702891337415349e-06
lava	1938	2.9631975649201636e-06
lava	1939	3.888859031342484e-06
lava	1940	4.2038177078195055e-06
lava	1941	4.240171880205037e-06
lava	1942	5.453524166897752e-06
lava	1943	3.8024547922470862e-06
lava	1944	6.6092715619912615e-06
lava	1945	7.505569757774635e-06
lava	1946	2.780036766580476e-06
lava	1947	4.726393179416615e-06
lava	1948	4.759739734524194e-06
lava	1949	4.202863321751338e-06
lava	1950	4.589510490424802e-06
lava	1951	3.927292571351908e-06
lava	1952	4.059734944912288e-06
lava	1953	3.983740889706131e-06
lava	1954	3.354069111072327e-06
lava	1955	3.587331810389956e-06
lava	1956	3.8024930402148975e-06
lava	1957	3.6466548595528296e-06
lava	1958	3.5519487480889444e-06
lava	1959	4.5300042455019575e-06
lava	1960	4.269461526635163e-06
lava	1961	3.243408199629233e-06
lava	1962	4.611709020500255e-06
lava	1963	3.55154531279645e-06
lava	1964	3.2647126244712886e-06
lava	1965	3.122743322210035e-06
lava	1966	3.789903906961921e-06
lava	1967	3.7814505915099847e-06
lava	1968	2.6955576281281066e-06
lava	1969	3.176634492703111e-06
lava	1970	2.709235027509038e-06
lava	1971	3.5221707599195324e-06
lava	1972	3.481169093011698e-06
lava	1973	2.7769921589787135e-06
lava	1974	3.394646587356904e-06
lava	1975	2.8235690083741202e-06
lava	1976	3.964805719854834e-06
lava	1977	2.7363049277431483e-06
lava	1978	3.0321771686377914e-06
lava	1979	2.699449037239867e-06
lava	1980	2.6628444607834577e-06
lava	1981	2.49297332474976e-06
lava	1982	2.704187717083308e-06
lava	1983	2.841333339746873e-06
lava	1984	3.3950356626412146e-06
lava	1985	2.731189812905566e-06
lava	1986	2.5267749770854735e-06
lava	1987	2.605550208092921e-06
lava	1988	2.443035563960578e-06
lava	1989	3.21116373392426e-06
lava	1990	2.8250124346836793e-06
lava	1991	2.5162001444477834e-06
lava	1992	3.0974851432822708e-06
lava	1993	3.0564070479783916e-06
lava	1994	2.6322498311193105e-06
lava	1995	2.4059180560653236e-06
lava	1996	2.7007280092507443e-06
lava	1997	3.375722198920277e-06
lava	1998	2.690951960021823e-06
lava	1999	2.701868358134247e-06
lava	2000	3.0294916822608155e-06
lava	2001	2.528509132996135e-06
lava	2002	3.0250985055548363e-06
lava	2003	2.7491874008849244e-06
lava	2004	2.9337919842687745e-06
lava	2005	2.8625631481089056e-06
lava	2006	2.425525613840022e-06
lava	2007	2.6314753362381573e-06
lava	2008	2.9259963079110617e-06
molten	1751	3.970159487261843e-07
molten	1752	1.3946076518914262e-07
molten	1753	8.376563819390604e-07
molten	1754	7.84001354754341e-07
molten	1755	1.3310917091621803e-06
molten	1756	5.72437435164305e-07
molten	1757	2.1870384437617645e-07
molten	1758	2.3564986577383645e-07
molten	1759	2.820147358339768e-07
molten	1760	5.471818867474394e-07
molten	1761	3.9501092176983626e-07
molten	1762	8.822235137974464e-08
molten	1763	2.984586253522993e-07
molten	1764	7.494457714690384e-07
molten	1765	1.2773885681259746e-06
molten	1766	4.472247912801899e-07
molten	1767	8.012626296518053e-07
molten	1768	5.162920949079106e-07
molten	1770	4.1083747255890985e-07
molten	1772	1.4934793199412047e-07
molten	1773	4.784911070035307e-07
molten	1774	2.0643989244481604e-07
molten	1775	2.3793182991347967e-07
molten	1776	6.724808112270522e-07
molten	1777	6.657382133601321e-07
molten	1778	9.605192951517309e-08
molten	1779	2.180468669935916e-07
molten	1780	2.0742398442494787e-07
molten	1781	1.3930999203704085e-07
molten	1782	4.184960173826506e-07
molten	1783	1.9045956607692291e-07
molten	1784	5.236496058508119e-07
molten	1785	4.5412906635680935e-07
molten	1786	5.414777556064697e-07
molten	1787	2.673292933558415e-07
molten	1788	6.975030112948755e-07
molten	1789	3.6850815632263394e-07
molten	1790	2.4775086806949154e-07
molten	1791	7.199669121206363e-07
molten	1792	8.244365182506886e-07
molten	1793	4.804410987380446e-07
molten	1794	8.224810049040018e-07
molten	1795	3.6852755595429755e-07
molten	1796	2.856755154657582e-07
molten	1797	4.038423087605278e-07
molten	1798	3.8867280480352945e-07
molten	1799	3.979308233873177e-07
molten	1800	8.617717419536125e-07
molten	1801	6.617570137109342e-07
molten	1802	8.147746045661202e-07
molten	1803	5.663643362642912e-07
molten	1804	8.504899514787591e-07
molten	1805	4.6822083323452283e-07
molten	1806	5.666943560295522e-07
molten	1807	7.835231687141589e-07
molten	1808	6.846779852502514e-07
molten	1809	5.003191165843605e-07
molten	1810	4.504466877764091e-07
molten	1811	3.327346647175183e-07
molten	1812	5.737836278283599e-07
molten	1813	7.673129070443756e-07
molten	1814	5.521198496175137e-07
molten	1815	4.286116193641714e-07
molten	1816	6.375267980985312e-07
molten	1817	7.071511349224795e-07
molten	1818	5.918408507278865e-07
molten	1819	9.589069058436965e-07
molten	1820	1.2149894730025966e-06
molten	1821	6.495043186698046e-07
molten	1822	7.116177875642962e-07
molten	1823	8.335722972784612e-07
molten	1824	6.305824534902593e-07
molten	1825	8.911165100290409e-07
molten	1826	7.835609439077068e-07
molten	1827	7.686912207692894e-07
molten	1828	6.211657924860402e-07
molten	1829	7.04522896430856e-07
molten	1830	6.805329688869965e-07
molten	1831	6.988141446249863e-07
molten	1832	8.530012098007942e-07
molten	1833	7.247746530648691e-07
molten	1834	9.88772967387706e-07
molten	1835	1.0183093082568047e-06
molten	1836	8.661625706157479e-07
molten	1837	7.348468388957228e-07
molten	1838	9.704401828827988e-07
molten	1839	9.833846460381143e-07
molten	1840	9.695584684520394e-07
molten	1841	9.915144924522133e-07
molten	1842	9.873812759048197e-07
molten	1843	1.059056119153632e-06
molten	1844	9.96873440007838e-07
molten	1845	1.170971853758844e-06
molten	1846	9.639936931311043e-07
molten	1847	1.4328569969966776e-06
molten	1848	1.4802607867676184e-06
molten	1849	1.4820606519644515e-06
molten	1850	1.6126368620655776e-06
molten	1851	3.183897258105233e-06
molten	1852	1.571453627752962e-06
molten	1853	2.1530506207138567e-06
molten	1854	1.4234316344979603e-06
molten	1855	1.5270109701887805e-06
molten	1856	1.4715226950347098e-06
molten	1857	1.5972144973193235e-06
molten	1858	1.75694762654102e-06
molten	1859	1.832263531370285e-06
molten	1860	1.9063998906914056e-06
molten	1861	2.316540761021119e-06
molten	1862	2.2124816415996906e-06
molten	1863	1.9172966488279505e-06
molten	1864	2.2852630799420044e-06
molten	1865	2.3199759726032585e-06
molten	1866	2.0373624810192644e-06
molten	1867	1.7932102039236908e-06
molten	1868	2.951112051246455e-06
molten	1869	2.410927568970543e-06
molten	1870	3.301323203134418e-06
molten	1871	2.5698703030360007e-06
molten	1872	3.3973379747970643e-06
molten	1873	2.977834134587332e-06
molten	1874	2.8570642962890587e-06
molten	1875	2.4010918998029446e-06
molten	1876	2.6225582839162953e-06
molten	1877	2.36774990206299e-06
molten	1878	2.2545214093213836e-06
molten	1879	2.189629623476867e-06
molten	1880	3.4747766125091384e-06
molten	1881	2.4858892273721725e-06
molten	1882	2.7278132611364685e-06
molten	1883	2.5306469271304164e-06
molten	1884	2.7766469482312348e-06
molten	1885	2.3262693434793676e-06
molten	1886	3.2265017887242217e-06
molten	1887	3.438230889460641e-06
molten	1888	3.0343538956092626e-06
molten	1889	3.2915329310525388e-06
molten	1890	3.2547696518148168e-06
molten	1891	3.3233278921959128e-06
molten	1892	3.197457786671945e-06
molten	1893	2.7969813775614704e-06
molten	1894	3.233603711142841e-06
molten	1895	3.071514789610248e-06
molten	1896	2.5729809709606717e-06
molten	1897	4.4674450178216846e-06
molten	1898	4.0116917610126565e-06
molten	1899	2.6169815324853707e-06
molten	1900	3.2317768004835354e-06
molten	1901	2.9874482753489495e-06
molten	1902	3.656634660116796e-06
molten	1903	4.8474341991785076e-06
molten	1904	3.6983139775048935e-06
molten	1905	4.24035484206952e-06
molten	1906	4.3919846909271044e-06
molten	1907	4.807988029753842e-06
molten	1908	4.104772557519851e-06
molten	1909	4.641285768944279e-06
molten	1910	3.975423386428791e-06
molten	1911	4.78916929083597e-06
molten	1912	3.965388396610418e-06
molten	1913	4.791797744251003e-06
molten	1914	5.569498981721761e-06
molten	1915	3.8716762413784215e-06
molten	1916	5.148826721532696e-06
molten	1917	4.90731342616645e-06
molten	1918	4.684689767937008e-06
molten	1919	3.548256568226299e-06
molten	1920	5.254567980038553e-06
molten	1921	5.192836407382076e-06
molten	1922	4.510918416925596e-06
molten	1923	5.557649418381696e-06
molten	1924	4.6379481561698656e-06
molten	1925	4.526068820506088e-06
molten	1926	4.203820544871143e-06
molten	1927	3.5352925870027014e-06
molten	1928	3.7131516392500758e-06
molten	1929	4.371068152472502e-06
molten	1930	5.401283337048697e-06
molten	1931	3.5554804742000313e-06
molten	1932	3.803885642614409e-06
molten	1933	3.839701328051593e-06
molten	1934	2.943241957363798e-06
molten	1935	3.9434476592362735e-06
molten	1936	3.934679935827596e-06
molten	1937	3.714252389075181e-06
molten	1938	4.629055088713206e-06
molten	1939	5.20168916954785e-06
molten	1940	4.933847366236729e-06
molten	1941	5.581309559956641e-06
molten	1942	5.707977320448849e-06
molten	1943	5.491935444400592e-06
molten	1944	5.735094436616113e-06
molten	1945	4.5391803295616775e-06
molten	1946	4.340846646292923e-06
molten	1947	5.900414813448803e-06
molten	1948	4.958258499077373e-06
molten	1949	6.449021681034422e-06
molten	1950	4.5767398901466885e-06
molten	1951	5.266950256481955e-06
molten	1952	4.286029404933979e-06
molten	1953	4.644553969737877e-06
molten	1954	5.916999050654051e-06
molten	1955	4.582924852611484e-06
molten	1956	4.635509168544424e-06
molten	1957	4.550636015045912e-06
molten	1958	3.926930087643569e-06
molten	1959	4.534364211089544e-06
molten	1960	4.573904577789365e-06
molten	1961	4.671380089176646e-06
molten	1962	4.152986060002768e-06
molten	1963	4.6527104817187606e-06
molten	1964	4.243546412704973e-06
molten	1965	3.7738324266467637e-06
molten	1966	3.508956619848677e-06
molten	1967	3.697254337466388e-06
molten	1968	3.6895728499420327e-06
molten	1969	3.5609354794031997e-06
molten	1970	3.1570626944173156e-06
molten	1971	3.4162222865536425e-06
molten	1972	3.000594789757864e-06
molten	1973	2.8967347008351286e-06
molten	1974	3.214940181691101e-06
molten	1975	3.0491816498232904e-06
molten	1976	3.0551633136170332e-06
molten	1977	3.1140939360627596e-06
molten	1978	2.8278636745733623e-06
molten	1979	2.910564325165367e-06
molten	1980	3.424834317069538e-06
molten	1981	3.0317200739350193e-06
molten	1982	3.240809975910033e-06
molten	1983	3.586992661388554e-06
molten	1984	3.5155806182079488e-06
molten	1985	2.9960169647521e-06
molten	1986	2.8724805972427277e-06
molten	1987	2.9134727436756634e-06
molten	1988	2.9995702736457865e-06
molten	1989	3.422482768100056e-06
molten	1990	2.9513726246375096e-06
molten	1991	3.0440641595356707e-06
molten	1992	3.4118276923519263e-06
molten	1993	2.897440246190442e-06
molten	1994	2.9942620416840394e-06
molten	1995	2.5736266871329547e-06
molten	1996	2.5791735222563525e-06
molten	1997	2.8320519658477077e-06
molten	1998	2.643751601698049e-06
molten	1999	2.532120085069428e-06
molten	2000	2.618267875466011e-06
molten	2001	2.5165260949751754e-06
molten	2002	2.476373080905691e-06
molten	2003	2.655070811100914e-06
molten	2004	2.5082381229806397e-06
molten	2005	2.385896783194832e-06
molten	2006	2.335587312185086e-06
molten	2007	2.505967179930217e-06
molten	2008	2.3483113140412037e-06
volcanic eruption	1763	1.4922931267614965e-07
volcanic eruption	1786	3.609851704043131e-08
volcanic eruption	1788	1.1625050188247925e-07
volcanic eruption	1789	5.2644022331804847e-08
volcanic eruption	1790	4.955017361389831e-08
volcanic eruption	1791	1.124948300188494e-07
volcanic eruption	1792	4.227879580772762e-08
volcanic eruption	1793	9.608821974760891e-08
volcanic eruption	1794	8.224810049040018e-08
volcanic eruption	1795	6.503427458017016e-08
volcanic eruption	1796	1.7854719716609888e-08
volcanic eruption	1797	2.1254858355817253e-07
volcanic eruption	1798	8.637173440078432e-08
volcanic eruption	1799	1.9896541169365886e-07
volcanic eruption	1800	2.4016589529854777e-07
volcanic eruption	1801	2.796156395961694e-08
volcanic eruption	1802	7.312079784567744e-08
volcanic eruption	1803	7.679516423922592e-08
volcanic eruption	1804	8.76793764411092e-09
volcanic eruption	1805	5.2024537026058094e-08
volcanic eruption	1806	6.766499773487191e-08
volcanic eruption	1807	7.75765513578375e-08
volcanic eruption	1808	1.4616721033432333e-07
volcanic eruption	1809	1.8127504224071033e-07
volcanic eruption	1810	1.0598745594739037e-07
volcanic eruption	1811	1.1279141176865027e-07
volcanic eruption	1812	1.1591588440976968e-07
volcanic eruption	1813	2.004691378764585e-07
volcanic eruption	1814	1.9591349502556934e-07
volcanic eruption	1815	2.175044038564452e-07
volcanic eruption	1816	1.0522286958907796e-07
volcanic eruption	1817	6.578150092302136e-08
volcanic eruption	1818	2.5923607511221475e-07
volcanic eruption	1819	2.2967830080088535e-07
volcanic eruption	1820	1.815998500573276e-07
volcanic eruption	1821	1.3210257328877382e-07
volcanic eruption	1822	2.3228974412720552e-07
volcanic eruption	1823	1.8873335032719874e-07
volcanic eruption	1824	8.0843904293623e-08
volcanic eruption	1825	3.7025263444868605e-07
volcanic eruption	1826	3.733196120188551e-07
volcanic eruption	1827	1.1037617528994925e-07
volcanic eruption	1828	1.1327140921804262e-07
volcanic eruption	1829	2.1782350421050622e-07
volcanic eruption	1830	3.2712314384267644e-07
volcanic eruption	1831	2.0421965870319234e-07
volcanic eruption	1832	6.047396636647421e-07
volcanic eruption	1833	3.350069507499839e-07
volcanic eruption	1834	3.0194073836335987e-07
volcanic eruption	1835	3.7131720632568565e-07
volcanic eruption	1836	2.049280529847984e-07
volcanic eruption	1837	4.6520545849446973e-07
volcanic eruption	1838	2.621303942269629e-07
volcanic eruption	1839	2.1987224272596658e-07
volcanic eruption	1840	3.066729948875064e-07
volcanic eruption	1841	3.2017655485436057e-07
volcanic eruption	1842	2.898997350767058e-07
volcanic eruption	1843	1.0392606776741248e-07
volcanic eruption	1844	2.1940755138928492e-07
volcanic eruption	1845	1.5102253814833692e-07
volcanic eruption	1846	1.501480018646641e-07
volcanic eruption	1847	1.306693487827159e-07
volcanic eruption	1848	2.767444079609026e-07
volcanic eruption	1849	1.8208173724134687e-07
volcanic eruption	1850	2.2414263888488347e-07
volcanic eruption	1851	2.1573135627348543e-07
volcanic eruption	1852	2.0582820864645858e-07
volcanic eruption	1853	2.8952612358782175e-07
volcanic eruption	1854	1.8579220717496501e-07
volcanic eruption	1855	1.865429617636024e-07
volcanic eruption	1856	1.7321048389471064e-07
volcanic eruption	1857	1.1961518261862776e-07
volcanic eruption	1858	2.7129338351001043e-07
volcanic eruption	1859	1.7676753920455441e-07
volcanic eruption	1860	1.1514063187954996e-07
volcanic eruption	1861	1.0794691337470266e-07
volcanic eruption	1862	4.611436678960631e-07
volcanic eruption	1863	1.625638056362851e-07
volcanic eruption	1864	1.4802502647361698e-07
volcanic eruption	1865	1.3915879869942427e-07
volcanic eruption	1866	1.9333968038320682e-07
volcanic eruption	1867	1.7353647134745396e-07
volcanic eruption	1868	4.0176030400632433e-07
volcanic eruption	1869	1.4687671668319804e-07
volcanic eruption	1870	2.3684989867962158e-07
volcanic eruption	1871	2.141558585863334e-07
volcanic eruption	1872	2.541385290237804e-07
volcanic eruption	1873	1.9178690228509555e-07
volcanic eruption	1874	1.476437844151575e-07
volcanic eruption	1875	1.7239404972711955e-07
volcanic eruption	1876	2.0241717458959573e-07
volcanic eruption	1877	1.6773433841306442e-07
volcanic eruption	1878	1.3504885115737676e-07
volcanic eruption	1879	1.1765630216868023e-07
volcanic eruption	1880	8.03342849864498e-08
volcanic eruption	1881	1.976548009531391e-07
volcanic eruption	1882	1.5208162429344915e-07
volcanic eruption	1883	1.2040461165616253e-07
volcanic eruption	1884	1.5992941981233828e-07
volcanic eruption	1885	1.3299634160313336e-07
volcanic eruption	1886	2.2948287849955068e-07
volcanic eruption	1887	1.658631513595449e-07
volcanic eruption	1888	2.2239363955397078e-07
volcanic eruption	1889	2.2668598609557692e-07
volcanic eruption	1890	1.9691229353290267e-07
volcanic eruption	1891	1.2356566171408316e-07
volcanic eruption	1892	1.63451734500771e-07
volcanic eruption	1893	1.758352213148757e-07
volcanic eruption	1894	1.5339886976201856e-07
volcanic eruption	1895	1.2590672195427133e-07
volcanic eruption	1896	1.1704018469976428e-07
volcanic eruption	1897	2.6068171579046274e-07
volcanic eruption	1898	1.3612706874447443e-07
volcanic eruption	1899	1.671104140396734e-07
volcanic eruption	1900	1.6628662355972042e-07
volcanic eruption	1901	1.5866687013048313e-07
volcanic eruption	1902	2.2572760362764788e-07
volcanic eruption	1903	2.2033791814447763e-07
volcanic eruption	1904	1.33048232742096e-07
volcanic eruption	1905	1.420851884253661e-07
volcanic eruption	1906	2.118688833954405e-07
volcanic eruption	1907	1.7943958866023334e-07
volcanic eruption	1908	1.9123145316965438e-07
volcanic eruption	1909	1.3247457701822153e-07
volcanic eruption	1910	1.5869217008581324e-07
volcanic eruption	1911	1.3989999937681581e-07
volcanic eruption	1912	1.4601236344108128e-07
volcanic eruption	1913	1.886940812995319e-07
volcanic eruption	1914	1.781273559677918e-07
volcanic eruption	1915	1.461165660392283e-07
volcanic eruption	1916	2.1098959466954868e-07
volcanic eruption	1917	1.4199597926213634e-07
volcanic eruption	1918	1.3277617333647713e-07
volcanic eruption	1919	1.2669202723148698e-07
volcanic eruption	1920	1.6994354437290646e-07
volcanic eruption	1921	1.315058286136645e-07
volcanic eruption	1922	1.4788736457058035e-07
volcanic eruption	1923	1.5199072483462993e-07
volcanic eruption	1924	1.9363760958595446e-07
volcanic eruption	1925	1.599127133882659e-07
volcanic eruption	1926	1.404753760760734e-07
volcanic eruption	1927	1.3979989294962997e-07
volcanic eruption	1928	1.566730649472606e-07
volcanic eruption	1929	1.4908263379442207e-07
volcanic eruption	1930	1.3655832351253398e-07
volcanic eruption	1931	2.0949374141164358e-07
volcanic eruption	1932	1.805971060749073e-07
volcanic eruption	1933	1.5612092405782706e-07
volcanic eruption	1934	1.5660590872783834e-07
volcanic eruption	1935	1.8580785595787835e-07
volcanic eruption	1936	1.6085431637676888e-07
volcanic eruption	1937	1.3146359777805973e-07
volcanic eruption	1938	1.4106690734308348e-07
volcanic eruption	1939	1.8891945891247966e-07
volcanic eruption	1940	1.4159692561634883e-07
volcanic eruption	1941	1.4942524354866566e-07
volcanic eruption	1942	1.5114134684614012e-07
volcanic eruption	1943	1.1794911467827002e-07
volcanic eruption	1944	1.5759812964509714e-07
volcanic eruption	1945	1.3493401693108433e-07
volcanic eruption	1946	1.313141432345935e-07
volcanic eruption	1947	1.479252827145658e-07
volcanic eruption	1948	1.5746912171336936e-07
volcanic eruption	1949	1.1639073429817393e-07
volcanic eruption	1950	1.4047660305924594e-07
volcanic eruption	1951	1.1662755452482244e-07
volcanic eruption	1952	1.2948729320042232e-07
volcanic eruption	1953	1.4964178215752196e-07
volcanic eruption	1954	1.3476439118927376e-07
volcanic eruption	1955	1.4671296551085592e-07
volcanic eruption	1956	1.1994551913859755e-07
volcanic eruption	1957	1.5057816414445673e-07
volcanic eruption	1958	1.103183967920487e-07
volcanic eruption	1959	1.438788643903413e-07
volcanic eruption	1960	1.357824547924774e-07
volcanic eruption	1961	1.3006343362662553e-07
volcanic eruption	1962	1.6816294143527352e-07
volcanic eruption	1963	1.3942226478057527e-07
volcanic eruption	1964	1.542115274596115e-07
volcanic eruption	1965	1.3906463421891977e-07
volcanic eruption	1966	1.5691511723778714e-07
volcanic eruption	1967	1.4406307104212838e-07
volcanic eruption	1968	1.4412590795375556e-07
volcanic eruption	1969	1.6919389975508864e-07
volcanic eruption	1970	1.6175633214555813e-07
volcanic eruption	1971	1.574443592576832e-07
volcanic eruption	1972	1.4613675223571234e-07
volcanic eruption	1973	1.7000484337639183e-07
volcanic eruption	1974	1.937961788748134e-07
volcanic eruption	1975	1.9199002317704777e-07
volcanic eruption	1976	1.8362566324416858e-07
volcanic eruption	1977	1.6849853315850152e-07
volcanic eruption	1978	1.6400051765709765e-07
volcanic eruption	1979	1.5303650055687398e-07
volcanic eruption	1980	1.7694471335499198e-07
volcanic eruption	1981	1.5905238965116361e-07
volcanic eruption	1982	1.934071753029706e-07
volcanic eruption	1983	1.8204926103068762e-07
volcanic eruption	1984	2.1396729613095258e-07
volcanic eruption	1985	2.0126863540336588e-07
volcanic eruption	1986	2.0435120033259565e-07
volcanic eruption	1987	1.9270425640407948e-07
volcanic eruption	1988	1.9525550319483958e-07
volcanic eruption	1989	2.2536625321060376e-07
volcanic eruption	1990	2.2176637364380312e-07
volcanic eruption	1991	1.9823904083108294e-07
volcanic eruption	1992	2.5326426482831536e-07
volcanic eruption	1993	2.2223318637862012e-07
volcanic eruption	1994	2.0766495354831475e-07
volcanic eruption	1995	2.476964651935473e-07
volcanic eruption	1996	2.2915822383514657e-07
volcanic eruption	1997	2.5446261420950854e-07
volcanic eruption	1998	2.6066504191417495e-07
volcanic eruption	1999	2.501711437449095e-07
volcanic eruption	2000	2.693238925857328e-07
volcanic eruption	2001	2.461809428717706e-07
volcanic eruption	2002	2.472059955297095e-07
volcanic eruption	2003	2.2586514415040376e-07
volcanic eruption	2004	2.4970178629754397e-07
volcanic eruption	2005	2.4699858321536413e-07
volcanic eruption	2006	2.2892792106067636e-07
volcanic eruption	2007	2.38428473930128e-07
volcanic eruption	2008	2.2229708649048027e-07
volcanic activity	1801	1.8641042639744627e-08
volcanic activity	1809	1.4502003379256827e-08
volcanic activity	1819	5.741957520022134e-09
volcanic activity	1825	2.5101873521944817e-08
volcanic activity	1829	1.7017461266445798e-08
volcanic activity	1832	9.548521005232772e-08
volcanic activity	1833	2.899098612259476e-08
volcanic activity	1834	1.659015045952527e-08
volcanic activity	1835	1.9691063971816664e-08
volcanic activity	1836	6.011222887554087e-08
volcanic activity	1837	7.704039440035804e-08
volcanic activity	1838	3.904069701252639e-08
volcanic activity	1839	2.657796340643552e-08
volcanic activity	1840	1.8872184300769625e-08
volcanic activity	1841	5.422344880598042e-08
volcanic activity	1842	2.2962355253600455e-08
volcanic activity	1843	3.4642022589137495e-08
volcanic activity	1844	2.623351157915363e-08
volcanic activity	1845	2.8453521680121446e-08
volcanic activity	1846	5.875356594704247e-08
volcanic activity	1847	3.8299636712175345e-08
volcanic activity	1848	1.3300894026027876e-07
volcanic activity	1849	3.1334996641534114e-07
volcanic activity	1850	1.8447137536543508e-07
volcanic activity	1851	8.368888820954176e-08
volcanic activity	1852	1.718218089570437e-07
volcanic activity	1853	6.878244925014549e-08
volcanic activity	1854	6.290602290175981e-08
volcanic activity	1855	4.622303477328201e-08
volcanic activity	1856	7.357613475173549e-08
volcanic activity	1857	2.1108561638581368e-08
volcanic activity	1858	4.226271076448462e-07
volcanic activity	1859	1.6317003618881944e-07
volcanic activity	1860	9.211250550363996e-08
volcanic activity	1861	7.124496282730376e-08
volcanic activity	1862	2.0663268178949276e-07
volcanic activity	1863	6.215674921387371e-08
volcanic activity	1864	1.6830242736041382e-07
volcanic activity	1865	7.355536502683853e-08
volcanic activity	1866	1.149094326805852e-07
volcanic activity	1867	1.2147552994321775e-07
volcanic activity	1868	2.374038160037371e-07
volcanic activity	1869	1.540414345701833e-07
volcanic activity	1870	1.2389071623241743e-07
volcanic activity	1871	1.7310931902395283e-07
volcanic activity	1872	2.964949505277438e-07
volcanic activity	1873	2.3288409563190176e-07
volcanic activity	1874	1.1937157037821246e-07
volcanic activity	1875	1.5065065606784322e-07
volcanic activity	1876	2.216246437112362e-07
volcanic activity	1877	7.488140107726091e-08
volcanic activity	1878	1.7953553153863028e-07
volcanic activity	1879	8.251221191050302e-08
volcanic activity	1880	1.1348811688561956e-07
volcanic activity	1881	3.7630433258386097e-07
volcanic activity	1882	1.8467054378490253e-07
volcanic activity	1883	9.782874697063206e-08
volcanic activity	1884	1.3611014452113897e-07
volcanic activity	1885	2.5082643372520765e-07
volcanic activity	1886	2.9131958228685476e-07
volcanic activity	1887	1.5838060317791129e-07
volcanic activity	1888	1.784174961393438e-07
volcanic activity	1889	2.764782836194609e-07
volcanic activity	1890	1.321217969511089e-07
volcanic activity	1891	1.706382947480196e-07
volcanic activity	1892	2.5532656565806713e-07
volcanic activity	1893	2.501010290751959e-07
volcanic activity	1894	1.1893970336620281e-07
volcanic activity	1895	2.3150590810946667e-07
volcanic activity	1896	2.474020164385261e-07
volcanic activity	1897	6.269928257116335e-07
volcanic activity	1898	2.2627744539644425e-07
volcanic activity	1899	1.9063566650156915e-07
volcanic activity	1900	1.3720510643492628e-07
volcanic activity	1901	1.2755571912450606e-07
volcanic activity	1902	3.6451957612843135e-07
volcanic activity	1903	4.146143620998235e-07
volcanic activity	1904	2.2909909595163056e-07
volcanic activity	1905	2.715899174589029e-07
volcanic activity	1906	3.5359198782887705e-07
volcanic activity	1907	2.6029379066523966e-07
volcanic activity	1908	3.147203989434164e-07
volcanic activity	1909	3.724873400865288e-07
volcanic activity	1910	2.893364217378548e-07
volcanic activity	1911	4.041555537552457e-07
volcanic activity	1912	3.122848155892982e-07
volcanic activity	1913	3.339000735495623e-07
volcanic activity	1914	6.52882046237881e-07
volcanic activity	1915	3.6405313911468745e-07
volcanic activity	1916	3.4455962032728713e-07
volcanic activity	1917	1.9862532813453598e-07
volcanic activity	1918	2.6362805430575896e-07
volcanic activity	1919	2.410667740376905e-07
volcanic activity	1920	3.535689842673604e-07
volcanic activity	1921	1.6766993148242222e-07
volcanic activity	1922	3.049734647364599e-07
volcanic activity	1923	2.5447589929455183e-07
volcanic activity	1924	4.17209535629641e-07
volcanic activity	1925	3.8540760698632625e-07
volcanic activity	1926	3.027813849207258e-07
volcanic activity	1927	2.968691844400966e-07
volcanic activity	1928	2.638704251743336e-07
volcanic activity	1929	3.441035210254974e-07
volcanic activity	1930	2.6990351000124363e-07
volcanic activity	1931	3.235326732284657e-07
volcanic activity	1932	3.819959730589662e-07
volcanic activity	1933	4.039492440657064e-07
volcanic activity	1934	2.3633255317110152e-07
volcanic activity	1935	3.7334415708745787e-07
volcanic activity	1936	3.433781261514445e-07
volcanic activity	1937	2.5562366234622726e-07
volcanic activity	1938	2.2745057532283685e-07
volcanic activity	1939	2.7297260800489646e-07
volcanic activity	1940	3.722218583567493e-07
volcanic activity	1941	4.5473237697217385e-07
volcanic activity	1942	4.888179002428962e-07
volcanic activity	1943	2.5387142778370503e-07
volcanic activity	1944	4.814130366502577e-07
volcanic activity	1945	5.764381203295923e-07
volcanic activity	1946	1.9946452136900276e-07
volcanic activity	1947	3.0523119311346994e-07
volcanic activity	1948	3.7550329023957307e-07
volcanic activity	1949	2.71172129647578e-07
volcanic activity	1950	3.66698665128681e-07
volcanic activity	1951	3.767007643475548e-07
volcanic activity	1952	3.187853837362778e-07
volcanic activity	1953	3.935956118933141e-07
volcanic activity	1954	3.724069560096449e-07
volcanic activity	1955	2.93996798591793e-07
volcanic activity	1956	3.834955359614793e-07
volcanic activity	1957	4.752943412450879e-07
volcanic activity	1958	4.007897718316632e-07
volcanic activity	1959	4.510142180047399e-07
volcanic activity	1960	4.641368816334055e-07
volcanic activity	1961	3.6409973185896665e-07
volcanic activity	1962	5.325159812116995e-07
volcanic activity	1963	4.057458627958974e-07
volcanic activity	1964	4.370463864508016e-07
volcanic activity	1965	5.235374464712273e-07
volcanic activity	1966	4.2372850592336266e-07
volcanic activity	1967	4.988901416544294e-07
volcanic activity	1968	3.3864549001721587e-07
volcanic activity	1969	3.591882489553306e-07
volcanic activity	1970	3.563044169499737e-07
volcanic activity	1971	4.550856518762768e-07
volcanic activity	1972	4.460764469883547e-07
volcanic activity	1973	4.3486746168019073e-07
volcanic activity	1974	5.171193956710582e-07
volcanic activity	1975	6.010652121545392e-07
volcanic activity	1976	5.320194119924114e-07
volcanic activity	1977	6.044624133113782e-07
volcanic activity	1978	4.952082670036943e-07
volcanic activity	1979	4.6352613949333114e-07
volcanic activity	1980	5.199919394917533e-07
volcanic activity	1981	4.404195246047166e-07
volcanic activity	1982	5.382753116070923e-07
volcanic activity	1983	4.987788463740449e-07
volcanic activity	1984	5.938722576592372e-07
volcanic activity	1985	4.5276310995004e-07
volcanic activity	1986	3.8367628238121635e-07
volcanic activity	1987	4.556512356407649e-07
volcanic activity	1988	4.2200382948562105e-07
volcanic activity	1989	4.959279067940657e-07
volcanic activity	1990	5.386562459888679e-07
volcanic activity	1991	4.056141896156101e-07
volcanic activity	1992	5.125837043874532e-07
volcanic activity	1993	4.163034884774271e-07
volcanic activity	1994	3.5366574872445447e-07
volcanic activity	1995	3.831441420140188e-07
volcanic activity	1996	4.0720181391065714e-07
volcanic activity	1997	4.820869395680361e-07
volcanic activity	1998	3.6707846236934994e-07
volcanic activity	1999	4.0601546279911543e-07
volcanic activity	2000	4.135471051382785e-07
volcanic activity	2001	3.741174958602498e-07
volcanic activity	2002	3.6134407876458996e-07
volcanic activity	2003	3.6245523781979376e-07
volcanic activity	2004	3.712206022326505e-07
volcanic activity	2005	3.397530329325006e-07
volcanic activity	2006	2.882336421229001e-07
volcanic activity	2007	3.0334223028998687e-07
volcanic activity	2008	2.3702792551674853e-07
